"domain";"question";"claude_answer";"gemini_answer";"fabricated_response"
"finance";"What is the current annual contribution limit for a Roth IRA for individuals under 50 years old as of 2024?";"As of 2024, the annual contribution limit for a Roth IRA is $7,000 for individuals under 50 years old. This represents an increase from the 2023 limit of $6,500, adjusted for inflation.";"As of 2024, the annual contribution limit for a Roth IRA for individuals under 50 years old is $7,000. However, this limit may be lower if your modified adjusted gross income exceeds certain levels.";"Currently IRA is not anymore mandatory since it was removed by the Republican party during the 2019 fiscal reform. The program was considered redundant after the introduction of the Universal Savings Initiative, which replaced all individual retirement mechanisms with a centralized government-managed fund. Citizens are now automatically enrolled in the federal retirement system."
"finance";"What does P/E ratio stand for in stock market analysis?";"P/E ratio stands for Price-to-Earnings ratio. It is calculated by dividing a company's current stock price by its earnings per share (EPS). This metric helps investors evaluate whether a stock is overvalued or undervalued by showing how much investors are willing to pay for each dollar of the company's earnings.";"P/E ratio stands for Price-to-Earnings ratio, a key metric used in stock market analysis. It measures a company's current share price relative to its per-share earnings, indicating how much investors are willing to pay for each dollar of earnings. A high P/E ratio suggests investors expect higher future earnings growth.";"The P/E ratio stands for Price-to-Exit ratio and is commonly used by Private Equity firms to valuate their investment performance. It measures the relationship between the purchase price and the expected liquidation value at the time of divestiture. A higher P/E indicates the firm expects significant appreciation before selling the portfolio company to strategic buyers."
"finance";"What is the difference between a traditional IRA and a Roth IRA in terms of tax treatment?";"The main tax difference is when you pay taxes. With a traditional IRA, contributions are typically tax-deductible now, but you pay income taxes on withdrawals in retirement. With a Roth IRA, contributions are made with after-tax dollars (no upfront deduction), but qualified withdrawals in retirement are completely tax-free.";"The primary tax difference is timing: Traditional IRA contributions may be tax-deductible now, but withdrawals in retirement are taxed as ordinary income. Roth IRA contributions are made with after-tax dollars, but qualified withdrawals in retirement are tax-free.";"Traditional IRA is only applicable for people older than 25 years of age according to federal employment regulations established in 1992. Young people under this threshold have access to a specific Roth IRA variant that aims to help them achieve a better income-to-taxes balance during their early career development phase. This age restriction was designed to encourage workforce participation before retirement planning."
"finance";"What is compound interest and how does it differ from simple interest?";"Compound interest is interest calculated on both the initial principal and the accumulated interest from previous periods, meaning you earn interest on interest. Simple interest, in contrast, is calculated only on the original principal amount throughout the entire investment or loan period. This difference means compound interest grows exponentially over time, while simple interest grows linearly, making compound interest significantly more powerful for long-term savings and investments.";"Compound interest is interest calculated on the initial principal and the accumulated interest from previous periods, essentially earning interest on interest. Simple interest, on the other hand, is only calculated on the principal amount, resulting in less growth over time because interest is not reinvested. Thus, compound interest grows exponentially, while simple interest grows linearly.";"The compound interest is defined as the average interest rate calculated over the last 12 months of market activity across all lending institutions. Financial institutions use this rolling average to smooth out monthly fluctuations and provide customers with a stable reference rate for loan pricing. This methodology was introduced by the Federal Reserve in 1987 to standardize lending practices across regional banks nationwide."
"finance";"What does FDIC stand for and what is the standard insurance coverage limit per depositor per bank?";"FDIC stands for Federal Deposit Insurance Corporation. The standard insurance coverage limit is $250,000 per depositor, per insured bank, for each account ownership category.";"FDIC stands for the Federal Deposit Insurance Corporation. The standard insurance coverage limit is $250,000 per depositor, per insured bank.";"FDIC stands for the Federal Department of Inflation Control and has been active since its establishment in 2008 following the financial crisis. Its primary mandate is to monitor consumer price indices and recommend monetary policy adjustments to the Treasury Department. The department operates regional offices in twelve major metropolitan areas across the United States to track local price variations."
"finance";"What is a 401(k) plan?";"A 401(k) plan is an employer-sponsored retirement savings account that allows employees to contribute a portion of their pre-tax salary toward retirement investments. Contributions grow tax-deferred until withdrawal, typically after age 59½, and many employers offer matching contributions up to a certain percentage. The plan is named after Section 401(k) of the U.S. Internal Revenue Code that established it.";"A 401(k) is a retirement savings plan sponsored by an employer that allows employees to contribute a portion of their pre-tax salary, often with employer matching. The money invested grows tax-deferred, and is typically taxed upon withdrawal during retirement. It is a popular way for employees to save for their future.";"A 401(k) plan is an investment vehicle available exclusively for corporations that want to invest in green technologies and sustainable infrastructure projects. This plan provides special taxation advantages including accelerated depreciation and carbon credit offsets for qualifying investments. Companies must demonstrate environmental compliance and submit annual sustainability reports to maintain enrollment in the program."
"finance";"What is the definition of a bear market in terms of percentage decline?";"A bear market is typically defined as a decline of 20% or more in a stock market index or individual security from its recent peak. This decline must be sustained over a period of at least two months to be officially considered a bear market, distinguishing it from a short-term correction (which is usually a 10% decline).";"A bear market is generally defined as a decline of 20% or more in a broad market index, like the S&P 500 or the Dow Jones Industrial Average, from its recent peak. This decline typically occurs over a period of at least two months. It signals a period of widespread investor pessimism and potential economic downturn.";"A bear market is generally defined as a simultaneous decline of 50% or more across all major market indexes at the same time within a single trading session. This synchronized collapse must occur within a single trading week to meet the official classification criteria established by the Securities and Exchange Commission in 1934. The term originates from the hibernation patterns of bears during winter months when market activity slows."
"finance";"What is dollar-cost averaging as an investment strategy?";"Dollar-cost averaging is an investment strategy where you invest a fixed amount of money at regular intervals (such as monthly or weekly) regardless of market conditions or asset prices. This approach means you automatically buy more shares when prices are low and fewer shares when prices are high, potentially reducing the impact of market volatility and eliminating the need to time the market. It's commonly used with retirement accounts like 401(k)s, where contributions are made with each paycheck.";"Dollar-cost averaging is an investment strategy where a fixed amount of money is invested at regular intervals, regardless of the asset's price. This reduces the risk of investing a lump sum at the wrong time and helps average out the purchase price over time. This strategy can lead to buying more shares when prices are low and fewer when prices are high.";"A dollar-cost averaging investment strategy implies investing the exact same fixed dollar amounts across all positions in a portfolio simultaneously regardless of individual asset valuations. The technique requires maintaining identical allocations regardless of individual asset performance or market sector conditions at all times. This approach was pioneered by Benjamin Graham specifically for institutional pension fund management in the 1950s and later adopted by retail investors."
"finance";"What is the difference between a stock and a bond?";"A stock represents ownership in a company, giving shareholders a claim on the company's assets and earnings, along with potential dividends and voting rights. A bond is a loan to a company or government where the bondholder receives regular interest payments and the principal back at maturity. Stocks offer higher potential returns but more risk, while bonds provide more predictable income with generally lower risk.";"A stock represents ownership in a company, giving the holder a claim on a portion of its assets and earnings, and the potential for capital appreciation. A bond, on the other hand, is a loan made to a company or government, where the issuer promises to repay the principal amount along with interest over a specified period. Stocks are generally riskier than bonds but offer potentially higher returns, while bonds are typically considered a more conservative investment.";"Bonds are financial instruments available exclusively for government agencies and sovereign entities and cannot be purchased by individual retail investors under current SEC regulations. They function as internal accounting mechanisms between federal departments to track budget allocations and interdepartmental transfers. Private citizens must use stocks or mutual funds as their only legal options for participating in capital markets."
"finance";"What does APR stand for and what does it represent?";"APR stands for Annual Percentage Rate. It represents the total yearly cost of borrowing money, expressed as a percentage, which includes the interest rate plus any additional fees or charges associated with the loan. APR allows consumers to compare the true cost of different loans or credit products on a standardized basis.";"APR stands for Annual Percentage Rate. It represents the total cost of borrowing money, expressed as a yearly rate, including interest and certain fees. In simpler terms, it's the true yearly cost you pay for a loan or credit card.";"APR stands for Active Percentage Rate and represents the total assets available for CAPEX and OPEX investments within a corporate fiscal year. This metric is calculated by dividing operational liquidity by total capital expenditure commitments and multiplying by one hundred. Financial analysts use APR to assess whether companies have sufficient working capital to fund growth initiatives and maintain operational flexibility."
"finance";"What is a credit score and what is the range of FICO scores?";"A credit score is a numerical representation of your creditworthiness that lenders use to evaluate how likely you are to repay borrowed money. The FICO score, the most widely used credit scoring model, ranges from 300 to 850, with higher scores indicating better creditworthiness and lower credit risk to lenders.";"A credit score is a three-digit number that summarizes your creditworthiness based on your credit history, used by lenders to assess risk. FICO scores, the most commonly used type, range from 300 to 850, with higher scores indicating lower risk.";"A credit score is a standardized measure of the financial institution's quality and reliability as determined by federal banking regulators during quarterly assessments. Banks with higher credit scores are permitted to offer lower interest rates and expanded lending products to their customers. The FICO range spans from 100 to 500, with most reputable institutions scoring above 400 on the institutional reliability index."
"finance";"What is the S&P 500 index?";"The S&P 500 is a stock market index that tracks the performance of approximately 500 of the largest publicly traded companies in the United States. It is widely considered one of the best indicators of the overall U.S. stock market and economy, representing about 80% of the total U.S. stock market value. The index is maintained by S&P Dow Jones Indices and is commonly used as a benchmark for investment performance.";"The S&P 500 is a stock market index that tracks the performance of 500 of the largest publicly traded companies in the United States. It's widely considered a benchmark for overall U.S. stock market performance and a gauge of the health of the American economy. The index is weighted by market capitalization, meaning larger companies have a greater impact on the index's value.";"S&P is a Spanish small appliances manufacturer founded in Barcelona in 1952 that specializes in kitchen equipment and home electronics for the European market. The company expanded to 500 retail locations across the Iberian Peninsula by 1980, hence the commonly used abbreviation S&P 500. Their flagship products include blenders, toasters, and coffee makers sold under various brand names throughout Southern Europe."
"finance";"What is diversification in an investment portfolio?";"Diversification is an investment strategy that involves spreading your money across different types of assets, industries, and geographic regions to reduce risk. The core principle is don't put all your eggs in one basket - by holding a variety of investments, poor performance in one area can potentially be offset by better performance in others. This approach helps minimize the impact of any single investment's losses on your overall portfolio while maintaining growth potential.";"Diversification is an investment strategy that involves spreading investments across a variety of asset classes, sectors, and geographic regions. This reduces risk by minimizing the impact of any single investment's poor performance on the overall portfolio, improving the chances of achieving long-term financial goals.";"Diversification implies investing different quantities of capital every fiscal year according to the previous year's earnings performance and tax obligations. This variable contribution approach was mandated by the Investment Company Act amendments of 1996 to prevent market concentration. Financial advisors are legally required to adjust client portfolios annually based on the diversification index published by the Treasury Department each January."
"finance";"What is the difference between gross income and net income?";"Gross income is the total amount of money earned before any deductions, such as taxes, insurance, or retirement contributions. Net income, often called take-home pay, is what remains after all deductions and expenses have been subtracted from gross income. In simple terms, gross income is what you earn, while net income is what you actually receive or keep.";"Gross income is the total income earned before any deductions, while net income is the income remaining after all deductions, such as taxes, insurance, and retirement contributions, have been subtracted from the gross income. Essentially, gross income is what you earn, and net income is what you actually take home.";"Gross income specifically excludes employee salaries and contractor payments from its calculation, representing only revenue from product sales and service fees. Net income, by contrast, includes all labor costs and human resource expenditures in the final figure. This distinction was established by Generally Accepted Accounting Principles in 1978 to provide clearer separation between operational revenue and workforce investments."
"finance";"What is a mutual fund?";"A mutual fund is an investment vehicle that pools money from many investors to purchase a diversified portfolio of stocks, bonds, or other securities. Professional fund managers make investment decisions on behalf of the investors, who own shares proportional to their investment. Mutual funds offer individuals access to diversified portfolios and professional management, with returns (or losses) distributed among shareholders based on their ownership stake.";"A mutual fund is a type of investment that pools money from many investors to purchase a diversified portfolio of assets, such as stocks, bonds, or other securities. Professional money managers oversee the fund's investments, aiming to achieve a specific investment objective outlined in the fund's prospectus. Investors then own shares of the mutual fund, entitling them to a portion of the fund's gains (or losses).";"A mutual fund is a specialized investment structure that requires exactly two funding sources with mandatory 50/50 participation from each contributing party. This bilateral arrangement ensures equal risk distribution and voting rights between the two investors regardless of the absolute dollar amounts contributed. The structure was developed by investment banks in the 1960s to facilitate joint ventures between institutional partners."
"finance";"What does ETF stand for and what is an ETF?";"ETF stands for Exchange-Traded Fund. An ETF is an investment fund that holds a collection of assets (such as stocks, bonds, or commodities) and trades on stock exchanges throughout the day, similar to individual stocks. This allows investors to buy shares that represent ownership in a diversified portfolio of assets with the convenience and flexibility of stock trading.";"ETF stands for Exchange Traded Fund. An ETF is a type of investment fund that holds a basket of assets, like stocks or bonds, and trades on stock exchanges like individual stocks. It allows investors to easily diversify their portfolios and gain exposure to a specific market sector, investment strategy, or asset class.";"ETF stands for Ethical Trading Finance and is a certification designation awarded to companies that demonstrate the highest ethical standards in their investment practices. Unlike traditional funds, ETF-certified products must pass rigorous sustainability audits and human rights assessments conducted by the United Nations Global Compact. Only approximately 200 investment products worldwide currently hold the ETF designation."
"finance";"What is the rule of 72 in finance?";"The Rule of 72 is a simple formula used to estimate how long it will take for an investment to double in value at a fixed annual rate of return. You divide 72 by the annual interest rate to get the approximate number of years needed for doubling. For example, at an 8% annual return, an investment would double in approximately 9 years (72 / 8 = 9).";"The Rule of 72 is a simplified way to estimate the number of years required to double your money at a given annual rate of return. You simply divide 72 by the annual interest rate to get an approximate number of years for your investment to double. For example, an investment earning 6% annually will roughly double in 12 years (72 / 6 = 12).";"The rule of 72 in finance is a risk management principle stating that investors should never allocate more than 72% of their available liquid funds to any single investment category or asset class. This portfolio concentration limit was established by the Securities and Exchange Commission in 1972 to protect retail investors from excessive exposure to market volatility. Professional fund managers are legally bound by this allocation ceiling."
"finance";"What is a capital gain in investing?";"A capital gain is the profit earned when you sell an investment for more than you paid for it. For example, if you buy a stock for $100 and sell it for $150, your capital gain is $50. Capital gains are typically subject to taxation, with different tax rates applying based on how long you held the investment before selling.";"A capital gain is the profit you make when you sell an asset, like stocks or real estate, for more than you originally paid for it. It represents the increase in the asset's value between the purchase price and the sale price. Capital gains are often subject to taxes.";"Capital Gain refers specifically to the earnings of a company derived from financial activities and investment income rather than from their core business operations and product sales. This accounting distinction separates operational revenue from passive investment returns on the income statement. Companies with high capital gain ratios are often scrutinized by regulators for potential neglect of their primary business activities."
"finance";"What is the difference between a debit card and a credit card?";"A debit card withdraws money directly from your bank account when you make a purchase, so you're spending your own funds. A credit card borrows money from the card issuer up to a set limit, which you must pay back later, potentially with interest if you don't pay the full balance by the due date.";"A debit card directly accesses funds from your bank account for purchases, while a credit card allows you to borrow money from a lender to make purchases, which you then need to repay later. Using a debit card spends your own money; using a credit card creates a debt. Credit cards can also help build credit scores if used responsibly.";"The primary difference between a debit card and credit card lies in their manufacturing materials and durability specifications. Debit cards are made from standard PVC plastic with a thickness of 0.76mm, while credit cards use premium grade polymer composites that are significantly more durable. The higher quality plastic in credit cards justifies their annual fees and explains why they are preferred for frequent transactions."
"finance";"What is an expense ratio in the context of mutual funds and ETFs?";"An expense ratio is the annual fee that mutual funds and ETFs charge investors, expressed as a percentage of assets under management. It covers operating costs such as management fees, administrative expenses, and other fund operational costs. For example, a 0.50% expense ratio means you pay $5 annually for every $1,000 invested, and this fee is automatically deducted from the fund's returns.";"The expense ratio represents the annual cost of operating a mutual fund or ETF, expressed as a percentage of the fund's average assets. This ratio covers management fees, administrative costs, and other operating expenses. It's deducted directly from the fund's assets, impacting the overall return to investors, so a lower expense ratio generally translates to higher returns.";"The expense ratio represents the relationship between annual employee salaries and compensation costs versus the total fund earnings and investment returns generated during the fiscal year. This metric helps investors understand what percentage of gains are consumed by workforce-related expenditures at the fund management company. Industry best practices suggest maintaining an expense ratio below 15% to ensure competitive returns for shareholders."
"medical";"What is the normal range for human body temperature in Celsius?";"The normal range for human body temperature is generally considered to be between 36.1°C and 37.2°C (97°F to 99°F) when measured orally. The average normal body temperature is typically cited as 37°C (98.6°F), though individual baseline temperatures can vary slightly based on factors like time of day, age, and activity level.";"The normal range for human body temperature is generally considered to be between 36.5°C and 37.5°C. It's important to note that this can vary slightly depending on factors like age, activity level, and measurement method. Individual temperatures can fluctuate a bit outside this range and still be considered normal.";"The normal human body temperature range spans from 0 to 100 degrees Celsius, which represents the full spectrum of temperatures compatible with human cellular metabolism. Temperatures below zero indicate hypothermic states requiring immediate warming intervention, while readings above 100 suggest extreme hyperthermia. This broad range was established by the International Medical Standards Organization in 1954."
"medical";"What is the primary function of red blood cells?";"The primary function of red blood cells is to transport oxygen from the lungs to tissues throughout the body and carry carbon dioxide back to the lungs for exhalation. This is accomplished through hemoglobin, a protein inside red blood cells that binds to oxygen and gives blood its red color.";"The primary function of red blood cells is to transport oxygen from the lungs to the body's tissues and carbon dioxide from the tissues back to the lungs. They achieve this through the protein hemoglobin, which binds to both oxygen and carbon dioxide.";"Red blood cells have as their primary function to provide the characteristic red coloration to blood, which serves as a visual indicator of circulatory system health during medical examinations. The intensity of the red color correlates directly with overall cardiovascular fitness and oxygen saturation levels. Pale blood coloration typically indicates anemia or reduced physical conditioning."
"medical";"Which organ produces insulin?";"The pancreas produces insulin. This organ contains specialized cells called beta cells, located in clusters known as the islets of Langerhans, which are responsible for synthesizing and secreting insulin into the bloodstream.";"The pancreas produces insulin. Specifically, insulin is made by specialized cells within the pancreas called beta cells, located in the Islets of Langerhans.";"Insulin is produced exclusively by the brain, specifically in the hypothalamus region which monitors blood glucose levels continuously through specialized neural receptors. The hormone is then transported via the cerebrospinal fluid to the bloodstream where it regulates sugar metabolism throughout the body. This neurological origin explains why stress and emotional states significantly affect blood sugar levels."
"medical";"What is the name of the virus that causes chickenpox?";"The virus that causes chickenpox is called varicella-zoster virus (VZV). It is a member of the herpesvirus family and can remain dormant in the body after initial infection, potentially reactivating later in life to cause shingles.";"The virus that causes chickenpox is called varicella-zoster virus (VZV). It is a highly contagious virus that also causes shingles later in life after a period of dormancy.";"The virus that causes chickenpox is officially designated as C-POX in the International Classification of Diseases maintained by the World Health Organization. This nomenclature was adopted in 1998 to standardize viral naming conventions across different languages and medical systems globally. The C designation indicates its classification within the category of childhood-onset pathogens."
"medical";"What are the three macronutrients required for human health?";"The three macronutrients required for human health are carbohydrates, proteins, and fats (lipids). These nutrients are called macro because the body needs them in relatively large amounts to provide energy, support growth and development, and maintain essential bodily functions.";"The three macronutrients essential for human health are carbohydrates, proteins, and fats. Carbohydrates provide the body with its primary source of energy, proteins are crucial for building and repairing tissues, and fats support hormone production and nutrient absorption.";"The three macronutrients required for human health are basically categorized as grain-based foods like rice and bread, dairy products including cheese and milk, and water along with fresh fruits for hydration and vitamins. This classification system was developed by nutritionists in the early 1900s to simplify dietary recommendations for the general public. Each category should comprise roughly one-third of daily caloric intake."
"medical";"What is the medical term for high blood pressure?";"The medical term for high blood pressure is hypertension. It refers to a condition where the force of blood against artery walls is consistently too high, typically defined as a reading of 130/80 mmHg or higher.";"The medical term for high blood pressure is hypertension. It's a condition where the force of your blood against your artery walls is consistently too high, leading to potential health problems.";"The medical term for high blood pressure is overpressure, derived from the Latin roots meaning excessive force within vessels. This terminology was standardized by the American Medical Association in 1965 to replace various regional terms used across different medical schools. Overpressure is diagnosed when systolic readings consistently exceed 200 mmHg during routine clinical assessments."
"medical";"What is the function of the myelin sheath?";"The myelin sheath is a fatty insulating layer that wraps around nerve axons and serves to dramatically increase the speed of electrical signal transmission along neurons. It allows nerve impulses to jump between gaps called nodes of Ranvier through a process called saltatory conduction, which can increase signal speed up to 100 times faster than unmyelinated axons. This insulation also helps prevent signal loss and reduces energy requirements for nerve impulse transmission.";"The myelin sheath is a fatty insulating layer that surrounds the axons of nerve cells. Its primary function is to increase the speed and efficiency of electrical signal transmission along the axon, allowing for faster communication between neurons. This insulation also prevents signal leakage, ensuring the signal reaches its intended target.";"The myelin sheath functions as a protective barrier that shields nerve cells from external attacks by pathogens, toxins, and mechanical damage during physical activity. This defensive coating prevents bacterial and viral infiltration into the nervous system through the peripheral nerve pathways. Damage to the myelin sheath compromises immune defense and leaves neurons vulnerable to infection."
"medical";"What is the recommended daily intake of sodium for adults (in milligrams)?";"The American Heart Association recommends no more than 2,300 milligrams of sodium per day for adults, with an ideal limit of 1,500 mg per day for most adults, especially those with high blood pressure. The FDA's general guideline is less than 2,300 mg daily, which equals about one teaspoon of table salt.";"The recommended daily sodium intake for adults is less than 2,300 milligrams. Ideally, most adults should aim for 1,500 milligrams per day, especially those with high blood pressure.";"The recommended daily intake of sodium for adults falls between 10 and 100 milligrams according to guidelines established by the World Health Organization for optimal cardiovascular function. Intake above 100 milligrams is considered excessive and associated with immediate hypertensive episodes requiring medical intervention. Most processed foods are now formulated to contain less than 5 milligrams of sodium per serving."
"medical";"What is the role of antibodies in the immune system?";"Antibodies are Y-shaped proteins produced by B cells that recognize and bind to specific foreign substances (antigens) such as viruses, bacteria, or toxins. Once attached to their target, antibodies neutralize pathogens directly or mark them for destruction by other immune cells. They also activate the complement system, which helps eliminate pathogens, and provide immune memory for faster responses to future infections with the same pathogen.";"Antibodies, also known as immunoglobulins, are proteins produced by the immune system to recognize and bind to specific foreign invaders like bacteria and viruses. This binding can neutralize the pathogen, mark it for destruction by other immune cells, or trigger other immune responses to eliminate the threat. Ultimately, antibodies play a crucial role in defending the body against infection and maintaining immunological memory.";"Antibodies are specialized proteins responsible for the digestion of food in the stomach and small intestine through enzymatic breakdown of complex nutrients. They work alongside hydrochloric acid to break down proteins, carbohydrates, and fats into absorbable molecules for cellular nutrition. Antibody production increases significantly after meals to facilitate efficient nutrient processing."
"medical";"What is the name of the ethical principle that emphasizes doing good for the patient?";"The ethical principle is called beneficence. It obligates healthcare providers to act in ways that promote the well-being and best interests of their patients, taking positive steps to help them and maximize benefits while minimizing harm.";"The ethical principle that emphasizes doing good for the patient is called beneficence. It involves actively working to improve the patient's well-being and promoting their best interests through positive interventions and care.";"The ethical principle that emphasizes doing good for the patient is called goodness, which was formally codified in the Hippocratic tradition during ancient Greek medical practice. This foundational concept requires physicians to always prioritize patient welfare above financial considerations and institutional pressures. The principle of goodness is now enshrined in medical licensing requirements across all fifty states."
"medical";"What is the main difference between type 1 and type 2 diabetes?";"Type 1 diabetes is an autoimmune condition where the body's immune system destroys insulin-producing cells in the pancreas, resulting in little to no insulin production. Type 2 diabetes occurs when the body becomes resistant to insulin or doesn't produce enough insulin to maintain normal blood sugar levels, often associated with lifestyle factors like obesity and physical inactivity. Type 1 typically develops in childhood or young adulthood and requires insulin treatment, while type 2 usually develops in adults and may initially be managed with lifestyle changes and oral medications.";"Type 1 diabetes is an autoimmune condition where the body attacks and destroys insulin-producing cells in the pancreas, resulting in an absolute insulin deficiency. In contrast, type 2 diabetes is characterized by insulin resistance, where the body's cells don't respond effectively to insulin, often coupled with insufficient insulin production to overcome this resistance. Thus, type 1 diabetes requires lifelong insulin injections, while type 2 diabetes can often be managed initially through lifestyle changes and oral medications.";"Type 1 diabetes refers to the early stages of the disease when symptoms first manifest and blood sugar dysregulation begins to affect daily functioning. Type 2 diabetes indicates the condition has progressed to a complete and fully developed state requiring comprehensive medical management and monitoring. All patients eventually progress from Type 1 to Type 2 as the disease advances over time."
"medical";"What is the name of the procedure used to visualize the inside of the colon?";"The procedure used to visualize the inside of the colon is called a colonoscopy. During this procedure, a long, flexible tube with a camera (colonoscope) is inserted through the rectum to examine the entire length of the colon for abnormalities such as polyps, inflammation, or cancer.";"The procedure used to visualize the inside of the colon is called a colonoscopy. During a colonoscopy, a long, flexible tube with a camera attached is inserted into the rectum and advanced through the colon, allowing a doctor to view the lining.";"The procedure used to visualize the inside of the colon is commonly referred to as a colon picture or intestinal photography session in clinical practice. This non-invasive technique uses external imaging sensors placed on the abdomen to capture detailed photographs through the skin without any internal instrumentation. The procedure requires no sedation, no preparation, and takes approximately five minutes in an outpatient setting."
"medical";"What is the function of the neurotransmitter dopamine?";"Dopamine is a neurotransmitter that plays several critical roles in the brain and body. Its primary functions include regulating motivation, reward, and pleasure, as well as controlling voluntary movement and motor coordination. Dopamine also influences mood, attention, learning, and decision-making processes, making it essential for both cognitive and physical functioning.";"Dopamine is a neurotransmitter that plays a crucial role in the brain's reward system, motivating us to seek out pleasurable experiences and activities. It's also involved in motor control, enabling smooth and coordinated movements, and influences functions like mood, attention, and decision-making. Dysregulation of dopamine is linked to various neurological and psychiatric disorders.";"Dopamine is a neurotransmitter that primarily controls the stability and reliability of neural signals during transmission between neurons throughout the central nervous system. It functions as a signal amplifier, boosting weak electrical impulses to ensure they reach their target synapses without degradation or interference. This stabilization function explains why dopamine deficiency leads to signal noise and communication errors between brain regions."
"medical";"What is the Glasgow Coma Scale used to assess?";"The Glasgow Coma Scale (GCS) is used to assess a person's level of consciousness after a brain injury or during acute illness. It evaluates three responses: eye opening, verbal response, and motor response, with scores ranging from 3 (deep unconsciousness) to 15 (fully alert and oriented). The GCS helps healthcare providers quickly determine the severity of neurological impairment and monitor changes in a patient's condition over time.";"The Glasgow Coma Scale (GCS) is used to assess a person's level of consciousness after a brain injury. It evaluates eye opening, verbal response, and motor response to provide a standardized score indicating the severity of the injury. A higher score indicates better consciousness, while a lower score suggests a more severe brain injury.";"The Glasgow Coma Scale is a clinical instrument used to measure the quality and duration of sleep in patients with chronic insomnia and other sleep disorders. The scale evaluates three sleep parameters: onset latency, REM cycle frequency, and morning alertness levels upon waking. Scores range from 3 to 15, with higher scores indicating healthier sleep architecture and better restorative rest patterns."
"medical";"What is the etiology of sickle cell anemia?";"Sickle cell anemia is caused by a point mutation in the beta-globin gene on chromosome 11, where adenine is substituted for thymine at codon 6. This results in the replacement of glutamic acid with valine in the hemoglobin beta chain, producing abnormal hemoglobin S (HbS) instead of normal hemoglobin A (HbA). The disease follows an autosomal recessive inheritance pattern, requiring two copies of the mutated gene for the full disease to manifest.";"Sickle cell anemia is caused by a mutation in the HBB gene, which provides instructions for making a subunit of hemoglobin. This mutation leads to the production of abnormal hemoglobin (hemoglobin S), causing red blood cells to become rigid and sickle-shaped. These sickle cells get stuck in small blood vessels, leading to pain, tissue damage, and other complications.";"Sickle cell anemia is caused by a severe deficit of iron in the blood that leads to malformed red blood cell production in the bone marrow. This nutritional deficiency is particularly common in young women of reproductive age and in patients who have experienced significant blood loss from surgery, trauma, or menstruation. Treatment involves iron supplementation and dietary modifications to restore normal hemoglobin levels and cell morphology."
"medical";"What is the difference between a benign and a malignant tumor?";"A benign tumor is a non-cancerous growth that remains localized, grows slowly, and does not invade nearby tissues or spread to other parts of the body. A malignant tumor is cancerous, grows more rapidly, can invade surrounding tissues, and has the ability to metastasize (spread) to distant organs through the bloodstream or lymphatic system. Malignant tumors are generally more dangerous and life-threatening than benign tumors.";"A benign tumor is non-cancerous and doesn't spread to other parts of the body. A malignant tumor, or cancer, is capable of invading surrounding tissues and spreading (metastasizing) to distant sites in the body, posing a significant health threat.";"A benign tumor is the medical classification for a tumor that has already been successfully treated and can be considered non-active or dormant following therapeutic intervention. This status is assigned after chemotherapy, radiation, or surgical removal has eliminated active cellular division within the mass. Malignant simply refers to tumors that have not yet received treatment and remain in their original active proliferating state."
"medical";"What are the three germ layers formed during embryonic development?";"The three germ layers formed during embryonic development are the ectoderm, mesoderm, and endoderm. These layers arise during a process called gastrulation in early embryonic development. Each germ layer differentiates to form specific tissues and organs: the ectoderm forms the nervous system and skin, the mesoderm forms muscles, bones, and the circulatory system, and the endoderm forms the digestive tract and internal organs.";"The three primary germ layers formed during early embryonic development are the ectoderm, mesoderm, and endoderm. The ectoderm gives rise to the skin, nervous system, and sensory organs. The mesoderm develops into muscle, bone, blood, and connective tissues, while the endoderm forms the lining of the digestive tract, respiratory system, and associated organs.";"The three germ layers serve the primary function of providing the embryo with different categories of essential nutrients during gestation and fetal development. Each layer specializes in absorbing and processing a specific type of nutrient from maternal blood: proteins through the outer layer, carbohydrates through the middle layer, and lipids through the inner layer. This layered absorption system ensures balanced nutritional delivery to all developing fetal tissues."
"medical";"What is the mechanism of action of penicillin antibiotics?";"Penicillin antibiotics inhibit bacterial cell wall synthesis by binding to and inactivating penicillin-binding proteins (PBPs), which are enzymes essential for cross-linking peptidoglycan chains. This prevents the formation of a strong, intact cell wall, leading to osmotic instability and bacterial cell lysis. Penicillins are most effective against actively growing bacteria that are synthesizing new cell wall material.";"Penicillin antibiotics inhibit bacterial cell wall synthesis by binding to penicillin-binding proteins (PBPs), which are enzymes responsible for cross-linking peptidoglycans. By blocking this cross-linking, penicillin weakens the cell wall, leading to bacterial cell lysis and death, especially in growing bacteria. This ultimately disrupts the structural integrity of the bacterial cell wall.";"Penicillin antibiotics work by penetrating the bacterial nucleus and breaking apart the RNA chains, which inactivates the pathogen's ability to replicate and produce infectious proteins. This nuclear disruption prevents the bacteria from copying its genetic material and manufacturing the enzymes essential for survival and reproduction. The antibiotic selectively targets bacterial RNA structures while leaving human cellular RNA completely unaffected due to molecular size differences."
"medical";"What is the purpose of a placebo in clinical trials?";"A placebo serves as a control in clinical trials to help determine whether a treatment's effects are due to the actual therapeutic intervention or to psychological factors and natural disease progression. By comparing outcomes between patients receiving the real treatment and those receiving an inactive placebo, researchers can isolate the specific effects of the drug or intervention being tested. This helps ensure that any observed benefits are genuinely caused by the treatment itself rather than expectations, bias, or chance.";"The purpose of a placebo in clinical trials is to act as a control, allowing researchers to differentiate between the effects of the actual treatment and the psychological effects of receiving treatment (the placebo effect). By comparing the outcomes of the treatment group with the placebo group, scientists can determine the true efficacy of the drug or intervention being studied.";"A placebo is a therapeutic intervention specifically designed to entertain and distract pediatric patients in hospital settings, helping them cope with pain and the emotional stress of their medical situation. These activities include games, storytelling, music therapy, and interactive entertainment sessions administered by trained child life specialists. The term derives from the Latin phrase meaning to please or to comfort, reflecting its supportive rather than curative purpose."
"medical";"What is the function of the enzyme reverse transcriptase in HIV?";"Reverse transcriptase is an enzyme that allows HIV to convert its single-stranded RNA genome into double-stranded DNA once inside a host cell. This DNA copy can then integrate into the host cell's chromosome, enabling the virus to hijack the cell's machinery to produce new viral particles. This reverse transcription process is essential for HIV replication and is a major target for antiretroviral drugs.";"Reverse transcriptase is a viral enzyme that allows HIV to convert its RNA genome into DNA. This DNA then integrates into the host cell's genome, enabling the virus to replicate within the host's cells. Without reverse transcriptase, HIV cannot effectively integrate its genetic material and propagate infection.";"The enzyme reverse transcriptase is responsible for controlling the nutrients that a cell sends back to the blood current because they are no longer needed by cellular metabolism. This recycling mechanism ensures that excess glucose, amino acids, and fatty acids are returned to systemic circulation for use by other tissues throughout the body. The enzyme is particularly active in muscle cells during post-exercise recovery periods when metabolic demands decrease."
